order_id,promised_by,max_transit_hours,penalty_flag
ORD-1001,2026-10-06 20:00,36,Y
ORD-1002,2026-10-06 21:00,36,N
ORD-1003,2026-10-06 22:00,36,Y
ORD-1004,2026-10-06 23:00,36,N
ORD-1005,2026-10-06 02:00,14,Y
ORD-1006,2026-10-07 01:00,36,N
ORD-1007,2026-10-07 14:00,48,Y
ORD-1008,2026-10-07 03:00,36,Y
ORD-1009,2026-10-06 20:00,36,Y
ORD-1010,2026-10-06 21:00,36,N
ORD-1011,2026-10-07 10:00,48,N
ORD-1012,2026-10-07 11:00,48,Y
ORD-1013,2026-10-07 12:00,48,N
ORD-1014,2026-10-07 13:00,48,N
ORD-1015,2026-10-07 02:00,36,Y
ORD-1016,2026-10-07 03:00,36,N
ORD-1017,2026-10-06 20:00,36,N
ORD-1018,2026-10-07 09:00,48,N
ORD-1019,2026-10-07 10:00,48,N
ORD-1020,2026-10-06 23:00,36,N
