route_id,rate_inr_per_ton
RT-001,520
RT-002,560
RT-003,900
RT-004,940
RT-005,300
RT-006,780
RT-007,860
RT-008,950
RT-009,740
RT-010,910
RT-011,1000
RT-012,800
RT-013,890
RT-014,980
RT-015,760
RT-016,820
RT-017,960
RT-018,660
RT-019,710
RT-020,850
RT-021,1190
RT-022,950
RT-023,1020
RT-024,1170
RT-025,890
RT-026,750
RT-027,910
RT-028,920
RT-029,1090
RT-030,910
RT-031,1050
RT-032,1160
RT-033,1130
RT-034,690
RT-035,840
RT-036,870
RT-037,1120
RT-038,790
RT-039,1130
RT-040,1080
RT-041,1040
RT-042,880
RT-043,830
RT-044,690
RT-045,820
RT-046,840
RT-047,1160
RT-048,300
RT-049,300
RT-050,300
RT-051,300
