location_id,sku_id,on_hand_tons,reserved_tons,safety_stock_tons,available_tons
PLANT-A,SKU-OPC-BAG,300,90,60,150
PLANT-A,SKU-PPC-BAG,130,45,40,45
PLANT-A,SKU-PSC-BAG,260,70,50,140
PLANT-A,SKU-PPC-BULK,400,100,80,220
PLANT-C,SKU-OPC-BAG,420,110,80,230
PLANT-C,SKU-PPC-BAG,500,120,100,280
PLANT-C,SKU-PSC-BAG,350,90,70,190
PLANT-C,SKU-PPC-BULK,600,150,120,330
PLANT-E,SKU-OPC-BAG,400,100,80,220
PLANT-E,SKU-PPC-BAG,380,110,80,190
PLANT-E,SKU-PSC-BAG,300,80,60,160
PLANT-E,SKU-PPC-BULK,450,120,100,230
WH-B,SKU-OPC-BAG,180,50,40,90
WH-B,SKU-PPC-BAG,330,80,50,200
WH-B,SKU-PSC-BAG,150,40,30,80
WH-F,SKU-OPC-BAG,90,40,25,25
WH-F,SKU-PPC-BAG,200,60,40,100
WH-F,SKU-PSC-BAG,160,50,30,80
WH-G,SKU-OPC-BAG,110,40,30,40
WH-G,SKU-PPC-BAG,220,70,40,110
WH-G,SKU-PSC-BAG,240,60,40,140
