order_id,dealer_id,sku_id,quantity_tons,order_datetime,priority,status
ORD-1001,DLR-03,SKU-PPC-BAG,40,2026-10-05 08:00,High,New
ORD-1002,DLR-07,SKU-OPC-BAG,60,2026-10-05 09:00,Standard,New
ORD-1003,DLR-11,SKU-PSC-BAG,50,2026-10-05 10:00,High,New
ORD-1004,DLR-05,SKU-PPC-BULK,80,2026-10-05 11:00,Standard,New
ORD-1005,DLR-09,SKU-PPC-BAG,30,2026-10-05 12:00,Strategic,New
ORD-1006,DLR-01,SKU-OPC-BAG,30,2026-10-05 13:00,Standard,New
ORD-1007,DLR-02,SKU-PSC-BAG,50,2026-10-05 14:00,High,New
ORD-1008,DLR-04,SKU-PSC-BAG,40,2026-10-05 15:00,High,New
ORD-1009,DLR-06,SKU-OPC-BAG,50,2026-10-05 08:00,Strategic,New
ORD-1010,DLR-08,SKU-OPC-BAG,20,2026-10-05 09:00,Standard,New
ORD-1011,DLR-10,SKU-PSC-BAG,40,2026-10-05 10:00,Standard,New
ORD-1012,DLR-12,SKU-PPC-BAG,50,2026-10-05 11:00,Strategic,New
ORD-1013,DLR-13,SKU-PSC-BAG,20,2026-10-05 12:00,Standard,New
ORD-1014,DLR-14,SKU-PSC-BAG,30,2026-10-05 13:00,Standard,New
ORD-1015,DLR-15,SKU-PPC-BAG,25,2026-10-05 14:00,Strategic,New
ORD-1016,DLR-01,SKU-PSC-BAG,30,2026-10-05 15:00,Standard,New
ORD-1017,DLR-02,SKU-PSC-BAG,30,2026-10-05 08:00,Standard,New
ORD-1018,DLR-04,SKU-PPC-BAG,25,2026-10-05 09:00,Standard,New
ORD-1019,DLR-06,SKU-PPC-BAG,20,2026-10-05 10:00,Standard,New
ORD-1020,DLR-08,SKU-PPC-BAG,25,2026-10-05 11:00,Standard,New
