route_id,from_id,to_id,mode,transit_hours,status,disruption_note
RT-001,PLANT-C,DEPOT-D,Rail,22,Open,
RT-002,PLANT-C,DEPOT-H,Rail,26,Open,
RT-003,PLANT-A,DLR-03,Truck,18,Open,
RT-004,WH-B,DLR-03,Truck,12,Open,
RT-005,DEPOT-D,DLR-03,Truck,8,Open,
RT-006,WH-F,DLR-07,Truck,10,Open,
RT-007,PLANT-E,DLR-07,Truck,16,Open,
RT-008,PLANT-A,DLR-07,Truck,20,Open,
RT-009,WH-G,DLR-11,Truck,9,Disrupted,Bridge closure (illustrative)
RT-010,PLANT-A,DLR-11,Truck,19,Open,
RT-011,PLANT-E,DLR-11,Truck,24,Open,
RT-012,PLANT-E,DLR-05,Truck,11,Open,
RT-013,PLANT-A,DLR-05,Truck,17,Open,
RT-014,PLANT-C,DLR-05,Truck,21,Open,
RT-015,WH-B,DLR-09,Truck,10,Open,
RT-016,WH-F,DLR-09,Truck,13,Open,
RT-017,PLANT-A,DLR-09,Truck,22,Open,
RT-018,WH-F,DLR-01,Truck,9,Open,
RT-019,PLANT-A,DLR-01,Truck,10,Open,
RT-020,WH-B,DLR-01,Truck,15,Open,
RT-021,WH-F,DLR-02,Truck,30,Open,
RT-022,PLANT-A,DLR-02,Truck,21,Open,
RT-023,PLANT-C,DLR-02,Truck,22,Open,
RT-024,PLANT-E,DLR-04,Truck,30,Open,
RT-025,PLANT-A,DLR-04,Truck,18,Open,
RT-026,PLANT-C,DLR-04,Truck,12,Open,
RT-027,PLANT-E,DLR-06,Truck,20,Open,
RT-028,PLANT-A,DLR-06,Truck,19,Open,
RT-029,WH-F,DLR-06,Truck,27,Open,
RT-030,PLANT-A,DLR-08,Truck,20,Open,
RT-031,WH-B,DLR-08,Truck,25,Open,
RT-032,WH-G,DLR-08,Truck,28,Open,
RT-033,PLANT-E,DLR-10,Truck,30,Open,
RT-034,WH-F,DLR-10,Truck,9,Open,
RT-035,PLANT-C,DLR-10,Truck,17,Open,
RT-036,PLANT-C,DLR-12,Truck,16,Open,
RT-037,PLANT-A,DLR-12,Truck,28,Open,
RT-038,WH-B,DLR-12,Truck,13,Open,
RT-039,PLANT-E,DLR-13,Truck,30,Open,
RT-040,PLANT-C,DLR-13,Truck,27,Open,
RT-041,WH-G,DLR-13,Truck,25,Open,
RT-042,PLANT-C,DLR-14,Truck,16,Open,
RT-043,WH-B,DLR-14,Truck,15,Open,
RT-044,WH-F,DLR-14,Truck,9,Open,
RT-045,PLANT-A,DLR-15,Truck,16,Open,
RT-046,PLANT-E,DLR-15,Truck,14,Open,
RT-047,WH-B,DLR-15,Truck,30,Open,
RT-048,DEPOT-D,DLR-01,Truck,7,Open,
RT-049,DEPOT-D,DLR-08,Truck,9,Open,
RT-050,DEPOT-H,DLR-12,Truck,9,Open,
RT-051,DEPOT-H,DLR-14,Truck,9,Open,
